-- MySQL dump 10.13  Distrib 9.1.0, for macos14.7 (x86_64)
--
-- Host: 127.0.0.1    Database: simply_cars
-- ------------------------------------------------------
-- Server version	9.1.0

/*!40101 SET @OLD_CHARACTER_SET_CLIENT=@@CHARACTER_SET_CLIENT */;
/*!40101 SET @OLD_CHARACTER_SET_RESULTS=@@CHARACTER_SET_RESULTS */;
/*!40101 SET @OLD_COLLATION_CONNECTION=@@COLLATION_CONNECTION */;
/*!50503 SET NAMES utf8mb4 */;
/*!40103 SET @OLD_TIME_ZONE=@@TIME_ZONE */;
/*!40103 SET TIME_ZONE='+00:00' */;
/*!40014 SET @OLD_UNIQUE_CHECKS=@@UNIQUE_CHECKS, UNIQUE_CHECKS=0 */;
/*!40014 SET @OLD_FOREIGN_KEY_CHECKS=@@FOREIGN_KEY_CHECKS, FOREIGN_KEY_CHECKS=0 */;
/*!40101 SET @OLD_SQL_MODE=@@SQL_MODE, SQL_MODE='NO_AUTO_VALUE_ON_ZERO' */;
/*!40111 SET @OLD_SQL_NOTES=@@SQL_NOTES, SQL_NOTES=0 */;

--
-- Table structure for table `car_features`
--

DROP TABLE IF EXISTS `car_features`;
/*!40101 SET @saved_cs_client     = @@character_set_client */;
/*!50503 SET character_set_client = utf8mb4 */;
CREATE TABLE `car_features` (
                                `car_id` int NOT NULL,
                                `feature_id` int NOT NULL,
                                PRIMARY KEY (`car_id`,`feature_id`),
                                KEY `feature_id` (`feature_id`),
                                CONSTRAINT `car_features_ibfk_1` FOREIGN KEY (`car_id`) REFERENCES `cars` (`id`),
                                CONSTRAINT `car_features_ibfk_2` FOREIGN KEY (`feature_id`) REFERENCES `features` (`id`)
) ENGINE=InnoDB DEFAULT CHARSET=utf8mb4 COLLATE=utf8mb4_0900_ai_ci;
/*!40101 SET character_set_client = @saved_cs_client */;

--
-- Dumping data for table `car_features`
--

LOCK TABLES `car_features` WRITE;
/*!40000 ALTER TABLE `car_features` DISABLE KEYS */;
INSERT INTO `car_features` VALUES (1,1),(2,1),(3,1),(1,2),(2,3);
/*!40000 ALTER TABLE `car_features` ENABLE KEYS */;
UNLOCK TABLES;

--
-- Table structure for table `cars`
--

DROP TABLE IF EXISTS `cars`;
/*!40101 SET @saved_cs_client     = @@character_set_client */;
/*!50503 SET character_set_client = utf8mb4 */;
CREATE TABLE `cars` (
                        `id` int NOT NULL AUTO_INCREMENT,
                        `price` varchar(255) NOT NULL,
                        `year` smallint NOT NULL,
                        `vin` varchar(255) NOT NULL,
                        `model_id` int DEFAULT NULL,
                        PRIMARY KEY (`id`),
                        UNIQUE KEY `unique_vin` (`vin`),
                        CONSTRAINT `check_price` CHECK ((`price` >= 0))
) ENGINE=InnoDB AUTO_INCREMENT=74 DEFAULT CHARSET=utf8mb4 COLLATE=utf8mb4_0900_ai_ci;
/*!40101 SET character_set_client = @saved_cs_client */;

--
-- Dumping data for table `cars`
--

LOCK TABLES `cars` WRITE;
/*!40000 ALTER TABLE `cars` DISABLE KEYS */;
INSERT INTO `cars` VALUES (1,'25000',2015,'1HGCM82633A004352',1113),(2,'18000',2010,'2T1BU4EE9AC123456',1096),(3,'35000',2020,'3VW6M7AJ8DM654321',551),(4,'32000',2018,'4S3GTAA66J1234567',552),(5,'15000',2005,'5NPEB4AC5DH789123',1020),(6,'22000',2012,'JH4CU2F43CC000111',970),(7,'20000',2008,'1G1ZT58N18F123456',969),(8,'45000',2022,'WBA5A7C55FD123456',427),(9,'42000',2021,'2C3CDZAG5JH123456',426),(10,'38000',2019,'5UXCR6C07L1234567',425),(11,'30000',2017,'1C4RJFAG0HC123456',423),(12,'28000',2016,'3FA6P0H73GR123456',905),(13,'34000',2023,'KM8J3CA20JU123456',221),(14,'40000',2021,'5N1AZ2MJ0MN123456',228),(15,'48000',2024,'JTEBU5JR0K1234567',230),(16,'26000',2014,'1N4AL3AP8EC123456',828),(17,'29000',2015,'2G1FB1E30F1234567',826),(18,'23000',2013,'5XYZU3LB0DG123456',631),(19,'31000',2017,'1GKS2CKJ8HR123456',632),(20,'27000',2016,'3C4PDCAB0GT123456',685),(21,'33000',2018,'2C4RC1BG0JR123456',684),(22,'37000',2020,'1C6RR7MT0LS123456',1130),(23,'14000',2007,'4T1BF1FK0HU123456',1095),(24,'36000',2019,'5J8TB4H50KL123456',514),(25,'41000',2022,'2T2DFREV0JW123456',515),(26,'32000',2018,'1GNERGKW0JJ123456',486),(27,'28000',2015,'3N1AB7AP0FY123456',549),(28,'19000',2009,'1HGCP2F80AA123456',1052),(29,'17000',2006,'2HGES16506H123456',1017),(30,'16000',2004,'3VWCK21C04M123456',1013),(31,'39000',2021,'5YJSA1E20MF123456',922),(32,'35000',2020,'1FTFW1E50L1234567',921),(33,'30000',2017,'2C3CCAAG0HH123456',920),(34,'45000',2023,'1GYS4BKJ0LR123456',424),(35,'34000',2019,'5TFRM5F10KX123456',422),(36,'31000',2018,'1C4PJLCB0JD123456',421),(37,'33000',2020,'3C6UR5CJ0LG123456',420),(38,'37000',2021,'2GNAXKEV0M1234567',419),(39,'32000',2019,'1G1FB1RX0K1234567',418),(40,'40000',2022,'5NMS33AD0NH123456',417),(41,'46000',2024,'1C4RDJDG0PC123456',416),(42,'38000',2024,'KM8J3CA20JU121764',221),(43,'28950.00',2022,'1FMCU0G72NU123456',301),(44,'64500.00',2020,'1FTFW1E54LF789012',302),(45,'17500.00',2019,'3FADP4BJ9KM345678',304),(46,'52990.00',2023,'1FT7W2BT9PE901234',305),(47,'39995.00',2021,'5N1AZ2MJ8MN567890',389),(48,'35500.00',2021,'1FT8W3BT1ME456789',303),(49,'42500.00',2023,'1FMZK1CG3PK123456',307),(50,'29500.00',2020,'1FTYR1ZM0LA789012',308),(51,'48900.00',2022,'1GKS2CKJ8NR345678',309),(52,'75900.00',2024,'KMTGB4SC8RU567890',310),(53,'32950.00',2019,'3FA6P0RU9KR901234',311),(54,'26500.00',2021,'NM0LS7E72M1234567',312),(55,'38900.00',2023,'1FBAX2C8XPK789012',313),(56,'45500.00',2020,'1FTYE1YM0LA345678',314),(57,'51900.00',2022,'1FT7W2AT2NE567890',315),(58,'37500.00',2021,'3GTU2NEC1MG901234',316),(59,'33950.00',2023,'1FTBR1Y8XPK123456',317),(60,'47500.00',2020,'1FBZX2ZM0LA789012',318),(61,'28900.00',2019,'WMWXM5C5XK345678',319),(62,'62500.00',2024,'WDC0G8EB8RF567890',320),(63,'31500.00',2021,'1FAHP2F8XMG901234',321),(64,'39500.00',2022,'3GTU9DED2NG123456',322),(65,'45900.00',2020,'JHMZC5F1XLC789012',323),(66,'54900.00',2023,'1GKS2HKJ8PR345678',324),(67,'48500.00',2021,'1GKS1AKC8MR567890',325),(68,'32500.00',2019,'1GKS2CKJ9KR901234',326),(69,'34950.00',2022,'3GTU2MECXNG123456',327),(70,'41500.00',2024,'2HGFC1E5XRH789012',328),(71,'43900.00',2020,'JHMZC5F3XLC345678',329),(72,'37900.00',2023,'JHMZC5F5XPK567890',330),(73,'37900.00',2023,'JHMZC5F5XPK567887',1);
/*!40000 ALTER TABLE `cars` ENABLE KEYS */;
UNLOCK TABLES;

--
-- Table structure for table `features`
--

DROP TABLE IF EXISTS `features`;
/*!40101 SET @saved_cs_client     = @@character_set_client */;
/*!50503 SET character_set_client = utf8mb4 */;
CREATE TABLE `features` (
                            `id` int NOT NULL AUTO_INCREMENT,
                            `name` varchar(255) NOT NULL,
                            `description` text,
                            PRIMARY KEY (`id`),
                            UNIQUE KEY `name` (`name`)
) ENGINE=InnoDB AUTO_INCREMENT=4 DEFAULT CHARSET=utf8mb4 COLLATE=utf8mb4_0900_ai_ci;
/*!40101 SET character_set_client = @saved_cs_client */;

--
-- Dumping data for table `features`
--

LOCK TABLES `features` WRITE;
/*!40000 ALTER TABLE `features` DISABLE KEYS */;
INSERT INTO `features` VALUES (1,'GPS','Navigation system'),(2,'Sunroof','Electric sunroof'),(3,'Leather Seats','Premium leather upholstery');
/*!40000 ALTER TABLE `features` ENABLE KEYS */;
UNLOCK TABLES;

--
-- Table structure for table `makes`
--

DROP TABLE IF EXISTS `makes`;
/*!40101 SET @saved_cs_client     = @@character_set_client */;
/*!50503 SET character_set_client = utf8mb4 */;
CREATE TABLE `makes` (
                         `id` int NOT NULL AUTO_INCREMENT,
                         `name` varchar(255) DEFAULT NULL,
                         PRIMARY KEY (`id`),
                         UNIQUE KEY `unique_make_name` (`name`)
) ENGINE=InnoDB AUTO_INCREMENT=64 DEFAULT CHARSET=utf8mb4 COLLATE=utf8mb4_0900_ai_ci;
/*!40101 SET character_set_client = @saved_cs_client */;

--
-- Dumping data for table `makes`
--

LOCK TABLES `makes` WRITE;
/*!40000 ALTER TABLE `makes` DISABLE KEYS */;
INSERT INTO `makes` VALUES (1,'Acura'),(2,'Alfa Romeo'),(3,'Aston Martin'),(4,'Audi'),(6,'Bentley'),(5,'BMW'),(7,'Buick'),(8,'Cadillac'),(9,'Chevrolet'),(10,'Chrysler'),(11,'Daewoo'),(12,'Daihatsu'),(13,'Dodge'),(14,'Eagle'),(16,'Ferrari'),(15,'Fiat'),(17,'Fisker'),(18,'Ford'),(19,'Freightliner'),(21,'Genesis'),(22,'Geo'),(20,'GMC'),(24,'Honda'),(23,'Hummer'),(25,'Hyundai'),(26,'Infiniti'),(27,'Isuzu'),(28,'Jaguar'),(29,'Jeep'),(30,'Kia'),(31,'Lamborghini'),(32,'Land Rover'),(33,'Lexus'),(34,'Lincoln'),(35,'Lotus'),(38,'Maserati'),(39,'Maybach'),(36,'Mazda'),(40,'McLaren'),(41,'Mercedes-Benz'),(42,'Mercury'),(37,'MINI'),(43,'Mitsubishi'),(44,'Nissan'),(45,'Oldsmobile'),(46,'Panoz'),(47,'Plymouth'),(48,'Polestar'),(49,'Pontiac'),(50,'Porsche'),(51,'Ram'),(52,'Rivian'),(53,'Rolls-Royce'),(54,'Saab'),(55,'Saturn'),(56,'Scion'),(57,'Smart'),(58,'Subaru'),(59,'Suzuki'),(60,'Tesla'),(61,'Toyota'),(62,'Volkswagen'),(63,'Volvo');
/*!40000 ALTER TABLE `makes` ENABLE KEYS */;
UNLOCK TABLES;

--
-- Table structure for table `models`
--

DROP TABLE IF EXISTS `models`;
/*!40101 SET @saved_cs_client     = @@character_set_client */;
/*!50503 SET character_set_client = utf8mb4 */;
CREATE TABLE `models` (
                          `id` int NOT NULL AUTO_INCREMENT,
                          `name` varchar(255) DEFAULT NULL,
                          `make_id` int NOT NULL,
                          PRIMARY KEY (`id`)
) ENGINE=InnoDB AUTO_INCREMENT=1133 DEFAULT CHARSET=utf8mb4 COLLATE=utf8mb4_0900_ai_ci;
/*!40101 SET character_set_client = @saved_cs_client */;

--
-- Dumping data for table `models`
--

LOCK TABLES `models` WRITE;
/*!40000 ALTER TABLE `models` DISABLE KEYS */;
INSERT INTO `models` VALUES (1,'Q3',4),(2,'Malibu',9),(3,'Escalade ESV',8),(4,'Corvette',9),(5,'RLX',1),(6,'Silverado 2500 HD Crew Cab',9),(7,'3 Series',5),(8,'Pacifica',10),(9,'Colorado Crew Cab',9),(10,'X3',5),(11,'TLX',1),(12,'Silverado 3500 HD Crew Cab',9),(13,'7 Series',5),(14,'Fusion',18),(15,'Envision',7),(16,'SQ5',4),(17,'R8',4),(18,'Traverse',9),(19,'MDX',1),(20,'QX80',26),(21,'Encore',7),(22,'Sierra 2500 HD Crew Cab',20),(23,'Insight',24),(24,'XT6',8),(25,'XT5',8),(26,'XT4',8),(27,'Enclave',7),(28,'Q5',4),(29,'Santa Fe',25),(30,'EcoSport',18),(31,'Escape',18),(32,'Mustang',18),(33,'Sonata',25),(34,'Edge',18),(35,'Camaro',9),(36,'Kona Electric',25),(37,'Equinox',9),(38,'Sierra 3500 HD Crew Cab',20),(39,'Gladiator',29),(40,'X7',5),(41,'CT6-V',8),(42,'A7',4),(43,'Blazer',9),(44,'F150 SuperCrew Cab',18),(45,'Suburban',9),(46,'Civic',24),(47,'Compass',29),(48,'Escalade',8),(49,'Voyager',10),(50,'Accord Hybrid',24),(51,'Terrain',20),(52,'Spark',9),(53,'Sierra 1500 Crew Cab',20),(54,'NEXO',25),(55,'Veloster',25),(56,'Silverado 1500 Crew Cab',9),(57,'G70',21),(58,'CT5',8),(59,'Odyssey',24),(60,'Elantra GT',25),(61,'RDX',1),(62,'Yukon XL',20),(63,'Ranger SuperCab',18),(64,'Expedition MAX',18),(65,'Kona',25),(66,'QX50',26),(67,'Durango',13),(68,'Yukon',20),(69,'Palisade',25),(70,'Ridgeline',24),(71,'Cherokee',29),(72,'Bolt EV',9),(73,'Expedition',18),(74,'Elantra',25),(75,'Passport',24),(76,'Charger',13),(77,'Accord',24),(78,'QX60',26),(79,'Venue',25),(80,'Pilot',24),(81,'Grand Cherokee',29),(82,'Tahoe',9),(83,'Acadia',20),(84,'Impala',9),(85,'CR-V',24),(86,'X5',5),(87,'Q60',26),(88,'Ranger SuperCrew',18),(89,'Trax',9),(90,'Ioniq Plug-in Hybrid',25),(91,'E-PACE',28),(92,'Tucson',25),(93,'Explorer',18),(94,'HR-V',24),(95,'I-PACE',28),(96,'Q50',26),(97,'G80',21),(98,'F-PACE',28),(99,'Renegade',29),(100,'Accent',25),(101,'F-TYPE',28),(102,'Wrangler',29),(103,'Sorento',30),(104,'Rio',30),(105,'Discovery Sport',32),(106,'Sedona',30),(107,'Optima',30),(108,'Sportage',30),(109,'Optima Hybrid',30),(110,'Optima Plug-in Hybrid',30),(111,'Range Rover Evoque',32),(112,'Telluride',30),(113,'Forte',30),(114,'Wrangler Unlimited',29),(115,'Soul',30),(116,'Range Rover Sport',32),(117,'Range Rover',32),(118,'Stinger',30),(119,'Discovery',32),(120,'Range Rover Velar',32),(121,'ES',33),(122,'LC',33),(123,'LX',33),(124,'RC',33),(125,'GX',33),(126,'IS',33),(127,'GS',33),(128,'LS',33),(129,'UX',33),(130,'GLS',41),(131,'CLA',41),(132,'Outlander Sport',43),(133,'MKZ',34),(134,'Aviator',34),(135,'NX',33),(136,'CX-30',36),(137,'Eclipse Cross',43),(138,'MAZDA3',36),(139,'Mirage G4',43),(140,'Navigator',34),(141,'Armada',44),(142,'CX-5',36),(143,'Corsair',34),(144,'Navigator L',34),(145,'G-Class',41),(146,'Nautilus',34),(147,'RX',33),(148,'Kicks',44),(149,'Murano',44),(150,'MAZDA6',36),(151,'C-Class',41),(152,'NV3500 HD Passenger',44),(153,'GLA',41),(154,'CX-9',36),(155,'NV1500 Cargo',44),(156,'E-Class',41),(157,'Countryman',37),(158,'GLE',41),(159,'Maxima',44),(160,'370Z',44),(161,'GLC',41),(162,'Mirage',43),(163,'Altima',44),(164,'GT-R',44),(165,'Outlander',43),(166,'Outlander PHEV',43),(167,'NV3500 HD Cargo',44),(168,'Panamera',50),(169,'Taycan',50),(170,'Pathfinder',44),(171,'Rogue',44),(172,'NV200',44),(173,'911',50),(174,'Rogue Sport',44),(175,'Macan',50),(176,'Cayenne Coupe',50),(177,'Cayenne',50),(178,'NV2500 HD Cargo',44),(179,'3500 Crew Cab',51),(180,'1500 Crew Cab',51),(181,'BRZ',58),(182,'Versa',44),(183,'Avalon',61),(184,'WRX',58),(185,'Camry',61),(186,'Impreza',58),(187,'Ascent',58),(188,'Legacy',58),(189,'Corolla Hatchback',61),(190,'Crosstrek',58),(191,'Corolla',61),(192,'86',61),(193,'Forester',58),(194,'Avalon Hybrid',61),(195,'2500 Crew Cab',51),(196,'4Runner',61),(197,'Outback',58),(198,'C-HR',61),(199,'Camry Hybrid',61),(200,'Corolla Hybrid',61),(201,'GR Supra',61),(202,'Highlander',61),(203,'Prius',61),(204,'Prius Prime',61),(205,'RAV4',61),(206,'Tacoma Access Cab',61),(207,'Sienna',61),(208,'Land Cruiser',61),(209,'Yaris',61),(210,'RAV4 Hybrid',61),(211,'Highlander Hybrid',61),(212,'Sequoia',61),(213,'Tundra Double Cab',61),(214,'Tacoma Double Cab',61),(215,'Tundra CrewMax',61),(216,'Passat',62),(217,'Yaris Hatchback',61),(218,'MDX Sport Hybrid',1),(219,'RLX Sport Hybrid',1),(220,'A6',4),(221,'XC40',63),(222,'A4',4),(223,'Q7',4),(224,'Q8',4),(225,'RS 5',4),(226,'NSX',1),(227,'4C Spider',2),(228,'XC60',63),(229,'Tiguan',62),(230,'XC90',63),(231,'A8',4),(232,'4 Series',5),(233,'ILX',1),(234,'2 Series',5),(235,'A3',4),(236,'S5',4),(237,'A4 allroad',4),(238,'e-tron',4),(239,'Jetta',62),(240,'RS 3',4),(241,'Stelvio',2),(242,'Giulia',2),(243,'A5',4),(244,'S3',4),(245,'S4',4),(246,'5 Series',5),(247,'M5',5),(248,'i8',5),(249,'8 Series',5),(250,'M6',5),(251,'i3',5),(252,'6 Series',5),(253,'M4',5),(254,'TT',4),(255,'Regal Sportback',7),(256,'X6 M',5),(257,'X2',5),(258,'CTS-V',8),(259,'X1',5),(260,'X6',5),(261,'X4',5),(262,'CT6',8),(263,'Regal TourX',7),(264,'M2',5),(265,'Cascada',7),(266,'CTS',8),(267,'Cruze',9),(268,'Z4',5),(269,'XTS',8),(270,'LaCrosse',7),(271,'ATS-V',8),(272,'ATS',8),(273,'Express 2500 Cargo',9),(274,'Colorado Extended Cab',9),(275,'Express 2500 Passenger',9),(276,'Express 3500 Passenger',9),(277,'Silverado 2500 HD Double Cab',9),(278,'Silverado 1500 Regular Cab',9),(279,'Express 3500 Cargo',9),(280,'Silverado 1500 LD Double Cab',9),(281,'Silverado 2500 HD Regular Cab',9),(282,'Silverado 1500 Double Cab',9),(283,'Sonic',9),(284,'Pacifica Hybrid',10),(285,'Challenger',13),(286,'500L',15),(287,'Volt',9),(288,'500e',15),(289,'500',15),(290,'Journey',13),(291,'F150 Super Cab',18),(292,'Suburban 3500HD',9),(293,'Grand Caravan Passenger',13),(294,'300',10),(295,'500c',15),(296,'500 Abarth',15),(297,'124 Spider',15),(298,'F250 Super Duty Regular Cab',18),(299,'500X',15),(300,'500c Abarth',15),(301,'F150 Regular Cab',18),(302,'F450 Super Duty Crew Cab',18),(303,'F350 Super Duty Crew Cab',18),(304,'Fiesta',18),(305,'F250 Super Duty Crew Cab',18),(306,'F350 Super Duty Super Cab',18),(307,'Flex',18),(308,'Transit 150 Van',18),(309,'Canyon Crew Cab',20),(310,'G90',21),(311,'Fusion Energi',18),(312,'Transit Connect Cargo',18),(313,'Transit 150 Wagon',18),(314,'Transit 350 Van',18),(315,'F250 Super Duty Super Cab',18),(316,'Sierra 1500 Double Cab',20),(317,'Transit 250 Van',18),(318,'Transit 350 Wagon',18),(319,'Transit Connect Passenger',18),(320,'Sprinter 2500 Cargo',19),(321,'Taurus',18),(322,'Sierra 1500 Limited Double Cab',20),(323,'Clarity Electric',24),(324,'Sierra 2500 HD Double Cab',20),(325,'Sierra 2500 HD Regular Cab',20),(326,'Canyon Extended Cab',20),(327,'Sierra 1500 Regular Cab',20),(328,'Civic Type R',24),(329,'Clarity Fuel Cell',24),(330,'Clarity Plug-in Hybrid',24),(331,'Fit',24),(332,'Ioniq Electric',25),(333,'Sonata Hybrid',25),(334,'Ioniq Hybrid',25),(335,'Sonata Plug-in Hybrid',25),(336,'Q70',26),(337,'QX30',26),(338,'XE',28),(339,'Niro',30),(340,'XF',28),(341,'XJ',28),(342,'Niro Plug-in Hybrid',30),(343,'Cadenza',30),(344,'K900',30),(345,'Niro EV',30),(346,'Soul EV',30),(347,'Levante',38),(348,'MX-5 Miata RF',36),(349,'MX-5 Miata',36),(350,'Continental',34),(351,'MKT',34),(352,'CX-3',36),(353,'MKC',34),(354,'A-Class',41),(355,'Ghibli',38),(356,'Mercedes-AMG C-Class',41),(357,'CLS',41),(358,'Mercedes-AMG CLA',41),(359,'GLC Coupe',41),(360,'Mercedes-AMG CLS',41),(361,'Santa Fe XL',25),(362,'Mercedes-AMG E-Class',41),(363,'Mercedes-AMG GLE',41),(364,'Mercedes-AMG G-Class',41),(365,'Mercedes-AMG GLA',41),(366,'Mercedes-AMG S-Class',41),(367,'SL',41),(368,'Mercedes-AMG GT',41),(369,'Metris Passenger',41),(370,'Mercedes-AMG GLE Coupe',41),(371,'Mercedes-Maybach S-Class',41),(372,'Mercedes-AMG GLC Coupe',41),(373,'Convertible',37),(374,'S-Class',41),(375,'Metris Cargo',41),(376,'SLC',41),(377,'Mercedes-AMG SLC',41),(378,'Mercedes-AMG GLC',41),(379,'Mercedes-AMG SL',41),(380,'Hardtop 2 Door',37),(381,'Hardtop 4 Door',37),(382,'Clubman',37),(383,'Mercedes-AMG GLS',41),(384,'TITAN XD Crew Cab',44),(385,'Titan Crew Cab',44),(386,'718 Boxster',50),(387,'Frontier King Cab',44),(388,'Frontier Crew Cab',44),(389,'LEAF',44),(390,'Sentra',44),(391,'TITAN Single Cab',44),(392,'NV200 Taxi',44),(393,'Titan King Cab',44),(394,'TITAN XD Single Cab',44),(395,'Versa Note',44),(396,'2500 Mega Cab',51),(397,'TITAN XD King Cab',44),(398,'1500 Classic Quad Cab',51),(399,'1500 Classic Crew Cab',51),(400,'1500 Classic Regular Cab',51),(401,'718 Cayman',50),(402,'1500 Quad Cab',51),(403,'2500 Regular Cab',51),(404,'3500 Mega Cab',51),(405,'ProMaster Cargo Van',51),(406,'ProMaster City',51),(407,'ProMaster Window Van',51),(408,'Model X',60),(409,'Model 3',60),(410,'3500 Regular Cab',51),(411,'Model S',60),(412,'Mirai',61),(413,'Atlas',62),(414,'Prius c',61),(415,'Golf SportWagen',62),(416,'Arteon',62),(417,'e-Golf',62),(418,'Golf',62),(419,'Golf GTI',62),(420,'Jetta GLI',62),(421,'Beetle',62),(422,'Golf Alltrack',62),(423,'S60',63),(424,'Golf R',62),(425,'V60',63),(426,'V90',63),(427,'S90',63),(428,'Vanquish S',3),(429,'4C',2),(430,'DB11',3),(431,'A3 Sportback e-tron',4),(432,'S7',4),(433,'S6',4),(434,'S8',4),(435,'RS 7',4),(436,'Bentayga',6),(437,'Flying Spur',6),(438,'M3',5),(439,'Continental',6),(440,'Mulsanne',6),(441,'X5 M',5),(442,'City Express',9),(443,'Silverado 3500 HD Double Cab',9),(444,'Silverado 3500 HD Regular Cab',9),(445,'GTC4Lusso',16),(446,'488 GTB',16),(447,'812 Superfast',16),(448,'Portofino',16),(449,'488 Spider',16),(450,'C-MAX Hybrid',18),(451,'F350 Super Duty Regular Cab',18),(452,'Focus',18),(453,'Transit 350 HD Van',18),(454,'Sprinter 2500 Crew',19),(455,'Sprinter 3500 Cargo',19),(456,'Sprinter WORKER Cargo',19),(457,'Sprinter 3500XD Cargo',19),(458,'Sprinter 2500 Passenger',19),(459,'Savana 2500 Passenger',20),(460,'Savana 3500 Passenger',20),(461,'Savana 3500 Cargo',20),(462,'Savana 2500 Cargo',20),(463,'Sierra 3500 HD Double Cab',20),(464,'Sierra 3500 HD Regular Cab',20),(465,'Santa Fe Sport',25),(466,'Forte5',30),(467,'Huracan',31),(468,'Aventador',31),(469,'Quattroporte',38),(470,'MKX',34),(471,'Evora 400',35),(472,'570GT',40),(473,'GranTurismo',38),(474,'720S',40),(475,'570S',40),(476,'Metris WORKER Cargo',41),(477,'Metris WORKER Passenger',41),(478,'Sprinter 3500 XD Cargo',41),(479,'Ghost',53),(480,'1500 Regular Cab',51),(481,'Wraith',53),(482,'Dawn',53),(483,'Phantom',53),(484,'Corolla iM',61),(485,'Yaris iA',61),(486,'Tiguan Limited',62),(487,'Rapide S',3),(488,'Vanquish',3),(489,'Vantage',3),(490,'A5 Sport',4),(491,'Regal',7),(492,'Verano',7),(493,'200',10),(494,'SS',9),(495,'F12berlinetta',16),(496,'California',16),(497,'Viper',13),(498,'C-MAX Energi',18),(499,'Expedition EL',18),(500,'Sprinter WORKER Passenger',19),(501,'Acadia Limited',20),(502,'Azera',25),(503,'QX70',26),(504,'Tucson Fuel Cell',25),(505,'Patriot',29),(506,'CT',33),(507,'B-Class',41),(508,'Lancer',43),(509,'i-MiEV',43),(510,'Quest',44),(511,'JUKE',44),(512,'Prius v',61),(513,'Tundra Regular Cab',61),(514,'CC',62),(515,'Touareg',62),(516,'DB9 GT',3),(517,'allroad',4),(518,'ELR',8),(519,'SRX',8),(520,'Cruze Limited',9),(521,'Impala Limited',9),(522,'Malibu Limited',9),(523,'Dart',13),(524,'Town & Country',10),(525,'Spark EV',9),(526,'FF',16),(527,'CR-Z',24),(528,'Genesis',25),(529,'Genesis Coupe',25),(530,'Equus',25),(531,'Forte Koup',30),(532,'LR4',32),(533,'650S',40),(534,'MKS',34),(535,'675LT',40),(536,'CLS-Class',41),(537,'GL-Class',41),(538,'GLE Coupe',41),(539,'Mercedes-Maybach S 600',41),(540,'SLK',41),(541,'Mercedes-AMG SLK',41),(542,'Paceman',37),(543,'Cayman',50),(544,'Boxster',50),(545,'iA',57),(546,'tC',57),(547,'iM',57),(548,'FR-S',57),(549,'Eos',62),(550,'DB9',3),(551,'S80',63),(552,'XC70',63),(553,'Captiva Sport',9),(554,'458 Italia',16),(555,'458 Speciale',16),(556,'458 Spider',16),(557,'Focus ST',18),(558,'Crosstour',24),(559,'Q40',26),(560,'XK',28),(561,'LR2',32),(562,'M-Class',41),(563,'CLA-Class',41),(564,'MAZDA5',36),(565,'GLK-Class',41),(566,'GLA-Class',41),(567,'SLS-Class',41),(568,'SL-Class',41),(569,'SLK-Class',41),(570,'Coupe',37),(571,'Roadster',37),(572,'Lancer Evolution',43),(573,'Rogue Select',44),(574,'Xterra',44),(575,'iQ',57),(576,'XV Crosstrek',58),(577,'C/V Tradesman',51),(578,'xB',57),(579,'Prius Plug-in Hybrid',61),(580,'Venza',61),(581,'TSX',1),(582,'TL',1),(583,'Express 1500 Cargo',9),(584,'Express 1500 Passenger',9),(585,'Suburban 1500',9),(586,'Avenger',13),(587,'E350 Super Duty Cargo',18),(588,'E150 Passenger',18),(589,'E150 Cargo',18),(590,'E250 Cargo',18),(591,'E350 Super Duty Passenger',18),(592,'Savana 1500 Cargo',20),(593,'Savana 1500 Passenger',20),(594,'Yukon XL 1500',20),(595,'Gallardo',31),(596,'MAZDA2',36),(597,'Evora',35),(598,'MP4-12C',40),(599,'CL-Class',41),(600,'cube',44),(601,'Hardtop',37),(602,'Tribeca',58),(603,'ProMaster 3500 Cargo',51),(604,'ProMaster 2500 Cargo',51),(605,'xD',57),(606,'ProMaster 1500 Cargo',51),(607,'FJ Cruiser',61),(608,'Tacoma Regular Cab',61),(609,'GTI',62),(610,'Routan',62),(611,'Jetta SportWagen',62),(612,'ZDX',1),(613,'1 Series',5),(614,'Escalade EXT',8),(615,'Silverado 1500 Extended Cab',9),(616,'Suburban 2500',9),(617,'Sierra 3500 HD Extended Cab',20),(618,'Sierra 1500 Extended Cab',20),(619,'Yukon XL 2500',20),(620,'Sierra 2500 HD Extended Cab',20),(621,'EX',26),(622,'QX',26),(623,'G',26),(624,'JX',26),(625,'FX',26),(626,'M',26),(627,'SX4',59),(628,'Kizashi',59),(629,'Grand Vitara',59),(630,'Matrix',61),(631,'C30',63),(632,'C70',63),(633,'RL',1),(634,'Rapide',3),(635,'DBS',3),(636,'Virage',3),(637,'Colorado Regular Cab',9),(638,'Caliber',13),(639,'Karma',17),(640,'Canyon Regular Cab',20),(641,'Veracruz',25),(642,'Liberty',29),(643,'HS',33),(644,'LFA',33),(645,'62',39),(646,'CX-7',36),(647,'57',39),(648,'R-Class',41),(649,'Eclipse',43),(650,'Galant',43),(651,'C/V',51),(652,'Equator Extended Cab',59),(653,'Equator Crew Cab',59),(654,'DTS',8),(655,'Lucerne',7),(656,'Aveo',9),(657,'HHR',9),(658,'STS',8),(659,'599 GTB Fiorano',16),(660,'Grand Caravan Cargo',13),(661,'599 GTO',16),(662,'612 Scaglietti',16),(663,'Nitro',13),(664,'Crown Victoria',18),(665,'Ranger Super Cab',18),(666,'Ranger Regular Cab',18),(667,'Accord Crosstour',24),(668,'Element',24),(669,'Elise',35),(670,'IS F',33),(671,'Town Car',34),(672,'Exige',35),(673,'RX-8',36),(674,'Tribute',36),(675,'Milan',42),(676,'Mariner',42),(677,'Grand Marquis',42),(678,'Endeavor',43),(679,'9-4X',55),(680,'3-Sep',55),(681,'Dakota Crew Cab',51),(682,'Dakota Extended Cab',51),(683,'5-Sep',55),(684,'V50',63),(685,'S40',63),(686,'Azure T',6),(687,'Brooklands',6),(688,'Cobalt',9),(689,'Ram 2500 Regular Cab',13),(690,'PT Cruiser',10),(691,'Sebring',10),(692,'Ram 1500 Quad Cab',13),(693,'Ram 1500 Crew Cab',13),(694,'Ram 2500 Mega Cab',13),(695,'Ram 1500 Regular Cab',13),(696,'Ram 3500 Crew Cab',13),(697,'Ram 2500 Crew Cab',13),(698,'Ram 3500 Mega Cab',13),(699,'Ram 3500 Regular Cab',13),(700,'E150 Super Duty Passenger',18),(701,'Explorer Sport Trac',18),(702,'H3T',23),(703,'H3',23),(704,'Rondo',30),(705,'Commander',29),(706,'Murcielago',31),(707,'SC',33),(708,'Mountaineer',42),(709,'Vibe',49),(710,'G6',49),(711,'G3',49),(712,'VUE',56),(713,'Outlook',56),(714,'New Beetle',62),(715,'Sierra (Classic) 1500 HD Crew Cab',20),(716,'Freestar Passenger',18),(717,'Sierra (Classic) 3500 Crew Cab',20),(718,'Freestyle',18),(719,'Sierra (Classic) 1500 Crew Cab',20),(720,'Sierra (Classic) 1500 Extended Cab',20),(721,'Sierra (Classic) 2500 HD Crew Cab',20),(722,'Sierra (Classic) 1500 Regular Cab',20),(723,'Sierra (Classic) 3500 Extended Cab',20),(724,'Sierra (Classic) 3500 Regular Cab',20),(725,'Sierra (Classic) 2500 HD Extended Cab',20),(726,'Sierra (Classic) 2500 HD Regular Cab',20),(727,'Montego',42),(728,'Monterey',42),(729,'Relay',56),(730,'Ion',56),(731,'B9 Tribeca',58),(732,'Aerio',59),(733,'RSX',1),(734,'Avalanche 2500',9),(735,'Avalanche 1500',9),(736,'SSR',9),(737,'Silverado 3500 Crew Cab',9),(738,'Silverado 3500 Extended Cab',9),(739,'Silverado 3500 Regular Cab',9),(740,'Silverado 1500 HD Crew Cab',9),(741,'Stratus',13),(742,'GT',18),(743,'Envoy XL',20),(744,'Sierra 3500 Crew Cab',20),(745,'Sierra 1500 HD Crew Cab',20),(746,'Sierra 3500 Extended Cab',20),(747,'Sierra 3500 Regular Cab',20),(748,'H1',23),(749,'Q',26),(750,'i-350 Crew Cab',27),(751,'i-280 Extended Cab',27),(752,'Optima (2006.5)',30),(753,'GranSport',38),(754,'Zephyr',34),(755,'MPV',36),(756,'Montero',43),(757,'Esperante',46),(758,'GTO',49),(759,'Montana SV6',49),(760,'Baja',58),(761,'xA',57),(762,'9-2X',55),(763,'XL-7',59),(764,'Verona',59),(765,'Tundra Access Cab',61),(766,'A4 (2005.5)',4),(767,'Phaeton',62),(768,'Century',7),(769,'S4 (2005.5)',4),(770,'Park Avenue',7),(771,'Astro Cargo',9),(772,'DeVille',8),(773,'LeSabre',7),(774,'Classic',9),(775,'Astro Passenger',9),(776,'Cavalier',9),(777,'Venture Passenger',9),(778,'Venture Cargo',9),(779,'Neon',13),(780,'Excursion',18),(781,'Envoy XUV',20),(782,'Safari Cargo',20),(783,'Thunderbird',18),(784,'Safari Passenger',20),(785,'XG350',25),(786,'Freelander',32),(787,'Bonneville',49),(788,'Aztek',49),(789,'Grand Am',49),(790,'Montana',49),(791,'Sunfire',49),(792,'Carrera GT',50),(793,'L-Series',56),(794,'Celica',61),(795,'Echo',61),(796,'MR2',61),(797,'Jetta (New)',62),(798,'Seville',8),(799,'Silverado 2500 Extended Cab',9),(800,'S10 Crew Cab',9),(801,'Silverado 2500 Crew Cab',9),(802,'Silverado 2500 Regular Cab',9),(803,'300M',10),(804,'Concorde',10),(805,'Tracker',9),(806,'Dakota Regular Cab',13),(807,'Intrepid',13),(808,'F150 (Heritage) Super Cab',18),(809,'F150 (Heritage) Regular Cab',18),(810,'Sierra 2500 Regular Cab',20),(811,'Sonoma Crew Cab',20),(812,'Sierra 2500 Crew Cab',20),(813,'Sierra 2500 Extended Cab',20),(814,'Axiom',27),(815,'Rodeo',27),(816,'I',26),(817,'B-Series Cab Plus',36),(818,'Marauder',42),(819,'Diamante',43),(820,'Montero Sport',43),(821,'Bravada',45),(822,'Alero',45),(823,'Pathfinder Armada',44),(824,'Silhouette',45),(825,'Vitara',59),(826,'S40 (New)',63),(827,'Tacoma Xtracab',61),(828,'V40',63),(829,'CL',1),(830,'Z8',5),(831,'RS 6',4),(832,'S10 Extended Cab',9),(833,'S10 Regular Cab',9),(834,'Ram Van 1500',13),(835,'Ram Van 2500',13),(836,'Ram Van 3500',13),(837,'Explorer Sport',18),(838,'Windstar Cargo',18),(839,'ZX2',18),(840,'Windstar Passenger',18),(841,'Sonoma Extended Cab',20),(842,'Sonoma Regular Cab',20),(843,'Rodeo Sport',27),(844,'Protege5',36),(845,'Protege',36),(846,'Aurora',45),(847,'Eurovan',62),(848,'Z3',5),(849,'Eldorado',8),(850,'M',5),(851,'Prizm',9),(852,'Prowler',10),(853,'Nubira',11),(854,'Leganza',11),(855,'Lanos',11),(856,'Econoline E250 Cargo',18),(857,'Econoline E350 Super Duty Passenger',18),(858,'Ram Wagon 2500',13),(859,'Econoline E150 Cargo',18),(860,'Econoline E150 Passenger',18),(861,'Ram Wagon 1500',13),(862,'Econoline E350 Super Duty Cargo',18),(863,'Escort',18),(864,'Ram Wagon 3500',13),(865,'Trooper',27),(866,'Discovery Series II',32),(867,'Blackwood',34),(868,'626',36),(869,'Millenia',36),(870,'Villager',42),(871,'Cougar',42),(872,'Intrigue',45),(873,'S-Series',56),(874,'Firebird',49),(875,'Esteem',59),(876,'Cabrio',62),(877,'Integra',1),(878,'Catera',8),(879,'Metro',9),(880,'Lumina',9),(881,'LHS',10),(882,'Ram 1500 Club Cab',13),(883,'Jimmy',20),(884,'Prelude',24),(885,'XG300',25),(886,'VehiCROSS',27),(887,'Sephia',30),(888,'Frontier Regular Cab',44),(889,'Swift',59),(890,'Passat (New)',62),(891,'2500 HD Regular Cab',9),(892,'2500 HD Extended Cab',9),(893,'3500 Extended Cab',9),(894,'Tahoe (New)',9),(895,'Cirrus',10),(896,'Grand Voyager',10),(897,'Contour',18),(898,'Yukon Denali',20),(899,'Sierra (Classic) 2500 Crew Cab',20),(900,'Amigo',27),(901,'Hombre Spacecab',27),(902,'Hombre Regular Cab',27),(903,'Mystique',42),(904,'Breeze',47),(905,'S70',63),(906,'SLX',1),(907,'Riviera',7),(908,'1500 Extended Cab',9),(909,'Ram 2500 Club Cab',13),(910,'Econoline E350 Cargo',18),(911,'F250 Regular Cab',18),(912,'F250 Super Cab',18),(913,'1500 Club Coupe',20),(914,'Oasis',27),(915,'Cutlass',45),(916,'Tracer',42),(917,'3000GT',43),(918,'LSS',45),(919,'88',45),(920,'Cabrio (New)',62),(921,'Golf (New)',62),(922,'GTI (New)',62),(923,'Cabriolet',4),(924,'Skylark',7),(925,'G-Series 1500',9),(926,'2500 Extended Cab',9),(927,'G-Series 3500',9),(928,'G-Series 2500',9),(929,'Club Wagon',18),(930,'Talon',14),(931,'2500 Club Coupe',20),(932,'3500 Club Coupe',20),(933,'Sonoma Club Coupe Cab',20),(934,'2500 HD Club Coupe',20),(935,'Mark VIII',34),(936,'200SX',44),(937,'240SX',44),(938,'Achieva',45),(939,'Regency',45),(940,'Sidekick',59),(941,'Trans Sport',49),(942,'Supra',61),(943,'900',55),(944,'T100 Regular Cab',61),(945,'9000',55),(946,'X-90',59),(947,'T100 Xtracab',61),(948,'Tercel',61),(949,'Aerostar Passenger',18),(950,'Aspire',18),(951,'Ram 3500 Club Cab',13),(952,'Aerostar Cargo',18),(953,'Vision',14),(954,'Probe',18),(955,'F350 Crew Cab',18),(956,'F350 Regular Cab',18),(957,'F250 Crew Cab',18),(958,'F350 Super Cab',18),(959,'del Sol',24),(960,'J',26),(961,'Defender 90',32),(962,'MX-6',36),(963,'Regular Cab',44),(964,'King Cab',44),(965,'Cutlass Supreme',45),(966,'SVX',58),(967,'Paseo',61),(968,'Previa',61),(969,'850',63),(970,'960',63),(971,'Roadmaster',7),(972,'Fleetwood',8),(973,'Beretta',9),(974,'G-Series G30',9),(975,'Lumina Passenger',9),(976,'Sportvan G30',9),(977,'Corsica',9),(978,'Lumina Cargo',9),(979,'Caprice Classic',9),(980,'New Yorker',10),(981,'Stealth',13),(982,'Bronco',18),(983,'Summit',14),(984,'Rally Wagon G3500',20),(985,'Vandura G3500',20),(986,'Mighty Max Regular Cab',43),(987,'300ZX',44),(988,'Ciera',45),(989,'98',45),(990,'164',2),(991,'90',4),(992,'Legend',1),(993,'3500 HD Extended Cab',9),(994,'G-Series G20',9),(995,'G-Series G10',9),(996,'3500 HD Regular Cab',9),(997,'LeBaron',10),(998,'Sportvan G20',9),(999,'Spirit',13),(1000,'Rally Wagon G2500',20),(1001,'Vandura G2500',20),(1002,'Vandura G1500',20),(1003,'Scoupe',25),(1004,'MX-3',36),(1005,'929',36),(1006,'Expo',43),(1007,'RX-7',36),(1008,'Acclaim',47),(1009,'Cutlass Ciera',45),(1010,'Samurai',59),(1011,'968',50),(1012,'928',50),(1013,'Golf III',62),(1014,'Quattro',4),(1015,'Spider',2),(1016,'Xtra Cab',61),(1017,'Jetta III',62),(1018,'100',4),(1019,'Vigor',1),(1020,'940',63),(1021,'S10 Blazer',9),(1022,'Ram Van B250',13),(1023,'Ram Wagon B350',13),(1024,'Colt',13),(1025,'Ram Van B150',13),(1026,'Ram Van B350',13),(1027,'Ram Wagon B150',13),(1028,'Shadow',13),(1029,'Ram Wagon B250',13),(1030,'Rally Wagon 2500',20),(1031,'Tempo',18),(1032,'Metro',22),(1033,'Rally Wagon 3500',20),(1034,'Vandura 1500',20),(1035,'Vandura 3500',20),(1036,'Vandura 2500',20),(1037,'Excel',25),(1038,'Spacecab',27),(1039,'323',36),(1040,'Navajo',36),(1041,'Capri',42),(1042,'Mighty Max Macro Cab',43),(1043,'Precis',43),(1044,'Topaz',42),(1045,'Laser',47),(1046,'Cutlass Cruiser',45),(1047,'Colt Vista',47),(1048,'Sunbird',49),(1049,'Loyale',58),(1050,'Sundance',47),(1051,'Justy',58),(1052,'Corrado',62),(1053,'Allante',8),(1054,'Sixty Special',8),(1055,'Lumina APV',9),(1056,'Sportvan G10',9),(1057,'APV Cargo',9),(1058,'D350 Club Cab',13),(1059,'Fifth Ave',10),(1060,'D250 Club Cab',13),(1061,'D150 Club Cab',13),(1062,'Imperial',10),(1063,'D350 Regular Cab',13),(1064,'D150 Regular Cab',13),(1065,'D250 Regular Cab',13),(1066,'Dynasty',13),(1067,'Ram 50 Regular Cab',13),(1068,'Daytona',13),(1069,'Ramcharger',13),(1070,'Festiva',18),(1071,'Storm',22),(1072,'Rally Wagon 1500',20),(1073,'Stylus',27),(1074,'Defender 110',32),(1075,'300 E',41),(1076,'190 E',41),(1077,'300 D',41),(1078,'300 SD',41),(1079,'300 CE',41),(1080,'500 SEL',41),(1081,'400 SEL',41),(1082,'500 SL',41),(1083,'500 E',41),(1084,'300 SL',41),(1085,'600 SEC',41),(1086,'300 TE',41),(1087,'400 E',41),(1088,'300 SE',41),(1089,'600 SL',41),(1090,'600 SEL',41),(1091,'500 SEC',41),(1092,'NX',44),(1093,'Colt',47),(1094,'LeMans',49),(1095,'Fox',62),(1096,'240',63),(1097,'80',4),(1098,'Brougham',8),(1099,'Caprice',9),(1100,'Rocky',12),(1101,'Charade',12),(1102,'Monaco',13),(1103,'Premier',14),(1104,'Sonoma Club Cab',20),(1105,'Impulse',27),(1106,'Comanche Regular Cab',29),(1107,'Mark VII',34),(1108,'400 SE',41),(1109,'Stanza',44),(1110,'Toronado',45),(1111,'Custom Cruiser',45),(1112,'Cressida',61),(1113,'740',63),(1114,'A6 allroad',4),(1115,'Encore GX',7),(1116,'CT4',8),(1117,'Bronco Sport',18),(1118,'Transit Connect Cargo Van',18),(1119,'GV80',21),(1120,'CR-V Hybrid',24),(1121,'Grand Cherokee L',29),(1122,'K5',30),(1123,'Seltos',30),(1124,'GLB',41),(1125,'2',48),(1126,'718 Spyder',50),(1127,'R1S',52),(1128,'R1T',52),(1129,'RAV4 Prime',61),(1130,'Atlas Cross Sport',62),(1131,'Hummer EV',20),(1132,'Grand Wagoneer',29);
/*!40000 ALTER TABLE `models` ENABLE KEYS */;
UNLOCK TABLES;
/*!40103 SET TIME_ZONE=@OLD_TIME_ZONE */;

/*!40101 SET SQL_MODE=@OLD_SQL_MODE */;
/*!40014 SET FOREIGN_KEY_CHECKS=@OLD_FOREIGN_KEY_CHECKS */;
/*!40014 SET UNIQUE_CHECKS=@OLD_UNIQUE_CHECKS */;
/*!40101 SET CHARACTER_SET_CLIENT=@OLD_CHARACTER_SET_CLIENT */;
/*!40101 SET CHARACTER_SET_RESULTS=@OLD_CHARACTER_SET_RESULTS */;
/*!40101 SET COLLATION_CONNECTION=@OLD_COLLATION_CONNECTION */;
/*!40111 SET SQL_NOTES=@OLD_SQL_NOTES */;

-- Dump completed on 2025-04-08 17:05:15
